{
  "system_health": {
    "timestamp": "2025-05-12 09:49:47",
    "components": {
      "premium_utils": {
        "status": "ok",
        "message": "Loaded successfully"
      },
      "feature_mapping": {
        "status": "ok",
        "count": 17,
        "message": "Found 17 feature mappings"
      },
      "tier_definitions": {
        "status": "ok",
        "count": 14,
        "message": "Found 14 tier definitions"
      },
      "database_connection": {
        "status": "ok",
        "message": "Connected successfully"
      }
    },
    "guilds": {
      "total_count": 1,
      "premium_count": 1,
      "tier_distribution": {
        "0": 0,
        "1": 0,
        "2": 0,
        "3": 0,
        "4": 1
      }
    },
    "features": {
      "total_count": 27,
      "error_count": 0,
      "consistency": "perfect"
    },
    "cogs": {
      "total_count": 8,
      "ok_count": 8,
      "warning_count": 0,
      "error_count": 0
    },
    "overall": {
      "status": "healthy",
      "message": "Premium system is fully operational"
    }
  },
  "guild_tiers": {
    "4": {
      "guild_id": "1219706687980568769",
      "name": "Emerald Servers",
      "features": [
        {
          "feature": "stats",
          "has_access": true,
          "required_tier": 1,
          "status": "ok"
        },
        {
          "feature": "stats_server",
          "has_access": true,
          "required_tier": 1,
          "status": "ok"
        },
        {
          "feature": "server",
          "has_access": true,
          "required_tier": 1,
          "status": "ok"
        },
        {
          "feature": "player",
          "has_access": true,
          "required_tier": 1,
          "status": "ok"
        },
        {
          "feature": "weapon",
          "has_access": true,
          "required_tier": 1,
          "status": "ok"
        },
        {
          "feature": "leaderboard",
          "has_access": true,
          "required_tier": 1,
          "status": "ok"
        },
        {
          "feature": "rivalries",
          "has_access": true,
          "required_tier": 2,
          "status": "ok"
        },
        {
          "feature": "bounties",
          "has_access": true,
          "required_tier": 2,
          "status": "ok"
        },
        {
          "feature": "player_links",
          "has_access": true,
          "required_tier": 2,
          "status": "ok"
        },
        {
          "feature": "economy",
          "has_access": true,
          "required_tier": 3,
          "status": "ok"
        },
        {
          "feature": "balance",
          "has_access": true,
          "required_tier": 4,
          "status": "ok"
        },
        {
          "feature": "shop",
          "has_access": true,
          "required_tier": 4,
          "status": "ok"
        },
        {
          "feature": "inventory",
          "has_access": true,
          "required_tier": 4,
          "status": "ok"
        },
        {
          "feature": "factions",
          "has_access": true,
          "required_tier": 4,
          "status": "ok"
        },
        {
          "feature": "events",
          "has_access": true,
          "required_tier": 4,
          "status": "ok"
        },
        {
          "feature": "custom_embeds",
          "has_access": true,
          "required_tier": 4,
          "status": "ok"
        },
        {
          "feature": "stats_player",
          "has_access": true,
          "required_tier": 1,
          "status": "ok"
        },
        {
          "feature": "stats_weapon",
          "has_access": true,
          "required_tier": 1,
          "status": "ok"
        },
        {
          "feature": "stats_leaderboard",
          "has_access": true,
          "required_tier": 1,
          "status": "ok"
        },
        {
          "feature": "stats_weapon_categories",
          "has_access": true,
          "required_tier": 1,
          "status": "ok"
        },
        {
          "feature": "weapon_categories",
          "has_access": true,
          "required_tier": 1,
          "status": "ok"
        },
        {
          "feature": "leaderboards",
          "has_access": true,
          "required_tier": 1,
          "status": "ok"
        },
        {
          "feature": "rivalry",
          "has_access": true,
          "required_tier": 2,
          "status": "ok"
        },
        {
          "feature": "bounty",
          "has_access": true,
          "required_tier": 2,
          "status": "ok"
        },
        {
          "feature": "faction",
          "has_access": true,
          "required_tier": 4,
          "status": "ok"
        },
        {
          "feature": "event",
          "has_access": true,
          "required_tier": 4,
          "status": "ok"
        },
        {
          "feature": "premium",
          "has_access": true,
          "required_tier": 1,
          "status": "ok"
        }
      ]
    }
  },
  "feature_checks": {
    "stats": [
      {
        "tier": 4,
        "guild_id": "1219706687980568769",
        "guild_name": "Emerald Servers",
        "has_access": true,
        "expected_access": true,
        "status": "ok"
      }
    ],
    "stats_server": [
      {
        "tier": 4,
        "guild_id": "1219706687980568769",
        "guild_name": "Emerald Servers",
        "has_access": true,
        "expected_access": true,
        "status": "ok"
      }
    ],
    "server": [
      {
        "tier": 4,
        "guild_id": "1219706687980568769",
        "guild_name": "Emerald Servers",
        "has_access": true,
        "expected_access": true,
        "status": "ok"
      }
    ],
    "player": [
      {
        "tier": 4,
        "guild_id": "1219706687980568769",
        "guild_name": "Emerald Servers",
        "has_access": true,
        "expected_access": true,
        "status": "ok"
      }
    ],
    "weapon": [
      {
        "tier": 4,
        "guild_id": "1219706687980568769",
        "guild_name": "Emerald Servers",
        "has_access": true,
        "expected_access": true,
        "status": "ok"
      }
    ],
    "leaderboard": [
      {
        "tier": 4,
        "guild_id": "1219706687980568769",
        "guild_name": "Emerald Servers",
        "has_access": true,
        "expected_access": true,
        "status": "ok"
      }
    ],
    "rivalries": [
      {
        "tier": 4,
        "guild_id": "1219706687980568769",
        "guild_name": "Emerald Servers",
        "has_access": true,
        "expected_access": true,
        "status": "ok"
      }
    ],
    "bounties": [
      {
        "tier": 4,
        "guild_id": "1219706687980568769",
        "guild_name": "Emerald Servers",
        "has_access": true,
        "expected_access": true,
        "status": "ok"
      }
    ],
    "player_links": [
      {
        "tier": 4,
        "guild_id": "1219706687980568769",
        "guild_name": "Emerald Servers",
        "has_access": true,
        "expected_access": true,
        "status": "ok"
      }
    ],
    "economy": [
      {
        "tier": 4,
        "guild_id": "1219706687980568769",
        "guild_name": "Emerald Servers",
        "has_access": true,
        "expected_access": true,
        "status": "ok"
      }
    ],
    "balance": [
      {
        "tier": 4,
        "guild_id": "1219706687980568769",
        "guild_name": "Emerald Servers",
        "has_access": true,
        "expected_access": true,
        "status": "ok"
      }
    ],
    "shop": [
      {
        "tier": 4,
        "guild_id": "1219706687980568769",
        "guild_name": "Emerald Servers",
        "has_access": true,
        "expected_access": true,
        "status": "ok"
      }
    ],
    "inventory": [
      {
        "tier": 4,
        "guild_id": "1219706687980568769",
        "guild_name": "Emerald Servers",
        "has_access": true,
        "expected_access": true,
        "status": "ok"
      }
    ],
    "factions": [
      {
        "tier": 4,
        "guild_id": "1219706687980568769",
        "guild_name": "Emerald Servers",
        "has_access": true,
        "expected_access": true,
        "status": "ok"
      }
    ],
    "events": [
      {
        "tier": 4,
        "guild_id": "1219706687980568769",
        "guild_name": "Emerald Servers",
        "has_access": true,
        "expected_access": true,
        "status": "ok"
      }
    ],
    "custom_embeds": [
      {
        "tier": 4,
        "guild_id": "1219706687980568769",
        "guild_name": "Emerald Servers",
        "has_access": true,
        "expected_access": true,
        "status": "ok"
      }
    ],
    "stats_player": [
      {
        "tier": 4,
        "guild_id": "1219706687980568769",
        "guild_name": "Emerald Servers",
        "has_access": true,
        "expected_access": true,
        "status": "ok"
      }
    ],
    "stats_weapon": [
      {
        "tier": 4,
        "guild_id": "1219706687980568769",
        "guild_name": "Emerald Servers",
        "has_access": true,
        "expected_access": true,
        "status": "ok"
      }
    ],
    "stats_leaderboard": [
      {
        "tier": 4,
        "guild_id": "1219706687980568769",
        "guild_name": "Emerald Servers",
        "has_access": true,
        "expected_access": true,
        "status": "ok"
      }
    ],
    "stats_weapon_categories": [
      {
        "tier": 4,
        "guild_id": "1219706687980568769",
        "guild_name": "Emerald Servers",
        "has_access": true,
        "expected_access": true,
        "status": "ok"
      }
    ],
    "weapon_categories": [
      {
        "tier": 4,
        "guild_id": "1219706687980568769",
        "guild_name": "Emerald Servers",
        "has_access": true,
        "expected_access": true,
        "status": "ok"
      }
    ],
    "leaderboards": [
      {
        "tier": 4,
        "guild_id": "1219706687980568769",
        "guild_name": "Emerald Servers",
        "has_access": true,
        "expected_access": true,
        "status": "ok"
      }
    ],
    "rivalry": [
      {
        "tier": 4,
        "guild_id": "1219706687980568769",
        "guild_name": "Emerald Servers",
        "has_access": true,
        "expected_access": true,
        "status": "ok"
      }
    ],
    "bounty": [
      {
        "tier": 4,
        "guild_id": "1219706687980568769",
        "guild_name": "Emerald Servers",
        "has_access": true,
        "expected_access": true,
        "status": "ok"
      }
    ],
    "faction": [
      {
        "tier": 4,
        "guild_id": "1219706687980568769",
        "guild_name": "Emerald Servers",
        "has_access": true,
        "expected_access": true,
        "status": "ok"
      }
    ],
    "event": [
      {
        "tier": 4,
        "guild_id": "1219706687980568769",
        "guild_name": "Emerald Servers",
        "has_access": true,
        "expected_access": true,
        "status": "ok"
      }
    ],
    "premium": [
      {
        "tier": 4,
        "guild_id": "1219706687980568769",
        "guild_name": "Emerald Servers",
        "has_access": true,
        "expected_access": true,
        "status": "ok"
      }
    ]
  },
  "cog_status": {
    "stats": {
      "exists": true,
      "has_verify_premium": true,
      "uses_premium_checks": true,
      "uses_standard_decorator": true,
      "has_safe_dict_access": true,
      "status": "ok"
    },
    "rivalries": {
      "exists": true,
      "has_verify_premium": true,
      "uses_premium_checks": true,
      "uses_standard_decorator": true,
      "has_safe_dict_access": true,
      "status": "ok"
    },
    "bounties": {
      "exists": true,
      "has_verify_premium": false,
      "uses_premium_checks": false,
      "uses_standard_decorator": true,
      "has_safe_dict_access": true,
      "status": "ok"
    },
    "economy": {
      "exists": true,
      "has_verify_premium": true,
      "uses_premium_checks": true,
      "uses_standard_decorator": true,
      "has_safe_dict_access": true,
      "status": "ok"
    },
    "events": {
      "exists": true,
      "has_verify_premium": true,
      "uses_premium_checks": true,
      "uses_standard_decorator": true,
      "has_safe_dict_access": true,
      "status": "ok"
    },
    "factions": {
      "exists": true,
      "has_verify_premium": true,
      "uses_premium_checks": true,
      "uses_standard_decorator": true,
      "has_safe_dict_access": true,
      "status": "ok"
    },
    "player_links": {
      "exists": true,
      "has_verify_premium": true,
      "uses_premium_checks": true,
      "uses_standard_decorator": true,
      "has_safe_dict_access": false,
      "status": "ok"
    },
    "premium": {
      "exists": true,
      "has_verify_premium": true,
      "uses_premium_checks": true,
      "uses_standard_decorator": false,
      "has_safe_dict_access": true,
      "status": "ok"
    }
  },
  "timestamp": "2025-05-12T09:49:48.196090"
}